last,rest,selection_year,group_number,number_of_flights,status,military_civilian,gender,military_details,dob,job,missions_flown,cumulative_hours_space_flight
Carpenter,M. Scott,1959,1,1,Former,Military,Male,"Commander, US Navy (Retired)",1925-05-01,,Mercury 7,4
Williams,"Clifton C., Jr.",1963,3,0,Deceased,Military,Male,"Major, US Marine Corps",1932-09-26,,,0
Worden,Alfred M.,1966,5,1,Former,Military,Male,"Colonel, US Air Force",1932-02-07,,Apollo 15,295
Williams,Donald E.,1978,8,2,Former,Military,Male,"Captain, US Navy",1942-02-13,,STS 51-D and STS-34,287
Wilcutt,Terrence W.,1990,13,4,Current,Military,Male,"Colonel, US Marine Corps (Retired)",1949-10-31,Pilot,"STS-68, STS-79, STS-89 and STS-106",1007
Wisoff,Peter J. K.,1990,13,4,Former,Civilian,Male,,1958-08-16,,"STS-57, STS-68, STS-81 and STS-92",1063
Wolf,David A.,1990,13,3,Current,Civilian,Male,,1956-08-23,Mission Specialist,"STS-58, NASA-MIR 6 and STS-112",3432
Whitson,Peggy A.,1996,16,2,Management,Civilian,Female,,1960-02-09,,STS-111/Exp 5/STS-113 and Soyuz TMA-11,9048
Williams,Jeffrey N.,1996,16,3,Current,Military,Male,"Colonel, US Army",1958-01-18,Mission Specialist,"STS-101, Exp 13 and Soyuz TMA-16",8688
Wilson,Stephanie D.,1996,16,3,Current,Civilian,Female,,1966-09-27,Mission Specialist,"STS-121, STS-120 and STS-131",1008
Williams,Sunita L.,1998,17,1,Current,Military,Female,"Commander, US Navy",1965-09-19,Mission Specialist,STS-116,4680
Woodward,"Neil W., III",1998,17,0,Former,Military,Male,"Commander, US Navy",1962-07-26,Mission Specialist,,0
Wilmore,Barry E.,2000,18,1,Current,Military,Male,"Commander, US Navy",1962-12-29,Pilot,STS-129,259
Aunon,Serena M.,2009,20,0,Current,Civilian,Female,,1976-04-09,,,0
Epps,Jeanette J.,2009,20,0,Candidate,Civilian,Female,,1970-11-02,,,0
Fischer,Jack D.,2009,20,0,Candidate,Military,Male,US Air Force,1974-01-23,,,0
Hansen,Jeremy,2009,20,0,Candidate,,Male,,1976-01-27,,,0
Hopkins,Michael S.,2009,20,0,Candidate,Military,Male,2nd Lieutenant US Air Force,1968-12-28,,,0
Kanai,Norishige,2009,20,0,Candidate,Civilian,Male,,1905-05-29,,,0
Lindgren,Kjell N.,2009,20,0,Candidate,Military,Male,US Air Force,1973-01-23,,,0
Onishi,Tayuka,2009,20,0,Candidate,Civilian,Male,,1905-05-28,,,0
Rubins,Kathleen,2009,20,0,Candidate,Civilian,Female,,1978-10-14,,,0
Saint-Jacques,David,2009,20,0,Candidate,Civilian,Male,,1970-01-06,,,0
Tingle,Scott D.,2009,20,0,Candidate,Military,Male,Naval Officer,1965-07-19,,,0
Vande Hei,Mark T.,2009,20,0,Candidate,Military,Male,"2nd Lieutenant, US Army",1966-11-10,,,0
Wiseman,Gregory R.,2009,20,0,Candidate,Civilian,Male,,1975-11-11,,,0
Yui,Kimiya,2009,20,0,Candidate,,Male,,1905-05-23,,,
Cooper,"L. Gordon, Jr.",1959,1,2,Deceased,Military,Male,"Colonel, US Air Force",1927-03-06,,Mercury 9 and Gemini 5,225
Glenn,"John H., Jr.",1959,1,2,Former,Military,Male,Colonel US Marine Corps,1921-07-18,,Mercury 6 and STS-95,217
Grissom,Virgil I.,1959,1,2,Deceased,Military,Male,"Lieutenant Colonel, US Air Force",1926-04-03,,Mercury 4 and Gemini 3,5
Schirra,"Walter M., Jr.",1959,1,3,Deceased,Military,Male,"Captain, US Navy",1923-03-12,,"Mercury 8, Gemini 6 and Apollo 7",295
Shepard,"Alan B., Jr.",1959,1,2,Deceased,Military,Male,"Rear Admiral, US Navy",1923-11-18,,Mercury 3 and Apollo 14,216
Slayton,Donald K.,1959,1,1,Deceased,Civilian,Male,"Major, US Air Force Reserve",1924-03-01,,Apollo-Soyuz Test Project,217
Armstrong,Neil A.,1962,2,2,Former,Civilian,Male,,1930-08-05,,Gemini 8 and Apollo 11,205
Borman,Frank,1962,2,2,Former,Military,Male,"Colonel, US Air Force",1928-03-14,,Gemini 7 and Apollo 8,477
Conrad,"Charles, Jr.",1962,2,4,Deceased,Military,Male,"Captain, US Navy",1930-05-02,,"Gemini 5, Gemini 11, Apollo 12 and Skylab 2",1179
Lovell,"James A., Jr.",1962,2,4,Former,Military,Male,"Captain, US Navy",1928-03-25,,"Gemini 7, Gemini 12, Apollo 8 and Apollo 13",715
McDivitt,James A.,1962,2,2,Former,Military,Male,"Brigadier General, US Air Force",1929-06-10,,Gemini 4 and Apollo 9,338
See,"Elliot M., Jr.",1962,2,0,Deceased,Civilian,Male,,1927-07-23,,,0
Stafford,Thomas P.,1962,2,4,Former,Military,Male,"Lieutenant General, US Air Force",1930-09-17,,"Gemini 6, Gemini 9, Apollo 10 and Apollo-Soyuz Test Project",507
White,"Edward H., II",1962,2,1,Deceased,Military,Male,"Lieutenant Colonel, US Air Force",1930-11-14,,Gemini 4,97
Young,John W.,1962,2,6,Former,Military,Male,"Captain, US Navy (Retired)",1930-09-24,,"Gemini 3, Gemini 10, Apollo 10, Apollo 16, STS-1 and STS-9",835
Aldrin,Buzz,1963,3,2,Former,Military,Male,"Colonel, US Air Force (Retired)",1930-01-20,,Gemini 12 and Apollo 11,289
Anders,William A.,1963,3,1,Former,Civilian,Male,US Air Force Reserve,1933-10-17,,Apollo 8,147
Bassett,"Charles A., II",1963,3,0,Deceased,Military,Male,"Captain, US Air Force",1931-12-30,,,0
Bean,Alan L.,1963,3,2,Former,Military,Male,"Captain, US Navy (Retired)",1932-03-15,,Apollo 12 and Skylab 3,1671
Cernan,Eugene A.,1963,3,3,Former,Military,Male,"Captain, US Navy (Retired)",1934-03-14,,"Gemini 9, Apollo 10 and Apollo 17",566
Chaffee,Roger B.,1963,3,0,Deceased,Military,Male,"Lieutenant Commander, US Navy",1935-02-15,,,0
Collins,Michael,1963,3,2,Former,Civilian,Male,US Air Force Reserve,1930-10-31,,Gemini 10 and Apollo 11,266
Cunningham,Walter,1963,3,1,Former,Civilian,Male,"Colonel, US Marine Corps Reserve",1932-03-16,,Apollo 7,263
Eisele,Donn F.,1963,3,1,Deceased,Military,Male,"Colonel, US Air Force",1930-05-23,,Apollo 7,260
Freeman,Theodore C.,1963,3,0,Deceased,Military,Male,"Captain, US Air Force",1930-02-18,,,0
Gordon,"Richard F., Jr.",1963,3,2,Former,Military,Male,"Captain, US Navy",1929-10-05,,Gemini 11 and Apollo 12,315
Schweickart,Russell L.,1963,3,1,Former,Civilian,Male,,1935-10-25,,Apollo 9,241
Scott,David R.,1963,3,3,Former,Military,Male,"Colonel, US Air Force",1932-06-06,,"Gemini 8, Apollo 9 and Apollo 15",546
Garriott,Owen K.,1965,4,2,Former,Civilian,Male,,1930-11-22,,Skylab 3 and STS-9,1674
Gibson,Edward G.,1965,4,1,Former,Civilian,Male,,1936-11-08,,Skylab 4,2017
Graveline,Duane E.,1965,4,0,Former,Civilian,Male,,1931-03-02,,,0
Kerwin,Joseph P.,1965,4,1,Former,Military,Male,"Captain, Medical Corps, US Navy",1932-02-19,,Skylab 2,672
Michel,F. Curtis,1965,4,0,Former,Civilian,Male,,1934-06-05,,,0
Schmitt,Harrison H.,1965,4,1,Former,Civilian,Male,,1935-07-03,,Apollo 17,301
Brand,Vance D.,1966,5,4,Former,Civilian,Male,,1931-05-09,,"Apollo-Soyuz Test Project, STS-5, STS 41-B and STS-35",746
Bull,John S.,1966,5,0,Deceased,Civilian,Male,,1934-09-25,,,0
Carr,Gerald P.,1966,5,1,Former,Military,Male,"Colonel, US Marine Corps (Retired)",1932-08-22,,Skylab 4,2017
Duke,"Charles M., Jr.",1966,5,1,Former,Military,Male,"Brigadier General, US Air Force",1935-10-03,,Apollo 16,265
Engle,Joe H.,1966,5,2,Former,Military,Male,"Major General, US Air Force",1932-08-26,,STS-2 and STS 51-I,224
Evans,Ronald E.,1966,5,1,Deceased,Military,Male,"Captain, US Navy",1933-11-10,,Apollo 17,301
Givens,"Edward G., Jr.",1966,5,0,Deceased,Military,Male,"Major, US Air Force",1930-01-05,,,0
Haise,"Fred W., Jr.",1966,5,1,Former,Civilian,Male,,1933-11-14,,Apollo 13,142
Irwin,James B.,1966,5,1,Deceased,Military,Male,"Colonel, US Air Force",1930-03-17,,Apollo 15,295
Lind,Don L.,1966,5,1,Former,Civilian,Male,,1930-05-18,,STS 51-B,168
Lousma,Jack R.,1966,5,2,Former,Military,Male,"Colonel, US Marine Corps",1936-02-29,,Skylab 3 and STS-3,1619
Mattingly,"Thomas K., II",1966,5,3,Former,Military,Male,Rear Admiral US Navy,1936-03-17,,"Apollo 16, STS-4 and STS 51-C",504
McCandless,"Bruce, II",1966,5,2,Former,Military,Male,"Captain, US Navy",1937-06-08,,STS 41-B and STS-31,312
Mitchell,Edgar D.,1966,5,1,Former,Military,Male,"Captain, US Navy",1930-09-17,,Apollo 14,216
Pogue,William R.,1966,5,1,Former,Military,Male,"Colonel, US Air Force",1930-01-23,,Skylab 4,2017
Roosa,Stuart A.,1966,5,1,Deceased,Military,Male,"Colonel, US Air Force",1933-08-16,,Apollo 14,216
Swigert,"John L., Jr.",1966,5,1,Deceased,Civilian,Male,,1931-08-30,,Apollo 13,142
Weitz,Paul J.,1966,5,2,Former,Military,Male,"Captain, US Navy",1932-06-25,Pilot,Skylab 2 and STS-6,793
Allen,Joseph P.,1967,6,2,Former,Civilian,Male,,1937-06-27,,ST-5 and STS 51-A,313
Chapman,Philip K.,1967,6,0,Former,Civilian,Male,,1935-03-05,,,0
England,Anthony W.,1967,6,1,Former,Civilian,Male,,1942-05-15,,STS 51-F,190
Henize,Karl G.,1967,6,1,Deceased,Civilian,Male,,1926-10-17,,STS 51-F,188
Holmquest,Donald L.,1967,6,0,Former,Civilian,Male,,1939-04-07,,,0
Lenoir,William B.,1967,6,1,Former,Civilian,Male,,1939-03-14,,STS-5,122
Llewellyn,John A.,1967,6,0,Former,Civilian,Male,,1933-04-22,,,0
Musgrave,Story,1967,6,6,Former,Civilian,Male,,1935-08-19,,"STS-6, STS 51-F, STS-33, STS-44, STS-61 and STS-80",1281
O'Leary,Brian T.,1967,6,0,Former,Civilian,Male,,1940-01-27,,,0
Parker,Robert A. R.,1967,6,2,Former,Civilian,Male,,1936-12-14,,STS-9 and STS-35,462
Thornton,William E.,1967,6,2,Former,Civilian,Male,,1929-04-14,,STS-8 and STS 51-B,313
Bobko,Karol J.,1969,7,3,Former,Military,Male,"Colonel, US Air Force",1937-12-23,,"STS-6, STS 51-D and STS-51-J",386
Crippen,Robert L.,1969,7,4,Former,Military,Male,"Captain, US Navy",1937-09-11,,"STS-1, STS-7, STS 41-C and STS 41-G",565
Fullerton,Charles G.,1969,7,2,Former,Military,Male,US Air Force (Retired),1936-10-11,,STS-3 and STS 51-F,382
Hartsfield,"Henry W., Jr.",1969,7,3,Former,Military,Male,"Colonel, US Air Force",1933-11-21,,"STS-4, STS 41-D and STS 61-A",482
Overmyer,Robert F.,1969,7,2,Deceased,Military,Male,"Colonel, US Marine Corps",1936-07-14,Pilot,STS-5 and STS 51-B,290
Peterson,Donald H.,1969,7,1,Former,Military,Male,"Colonel, US Air Force",1933-10-22,,STS-6,120
Truly,Richard H.,1969,7,2,Former,Military,Male,"Vice Admiral, US Navy",1937-11-12,,STS-2 and STS-8,199
Bluford,"Guion S., Jr.",1978,8,4,Former,Military,Male,"Colonel, US Air Force",1942-11-22,,"STS-8, STS 61-A, STS-39 and STS-53",688
Brandenstein,Daniel C.,1978,8,4,Former,Military,Male,"Captain, US Navy (Retired)",1943-01-17,,"STS-8, STS 51-G, STS-32 and STS-49",789
Buchli,James F.,1978,8,4,Former,Military,Male,"Colonel, US Marine Corps (Retired)",1945-06-20,,"STS 51-C, STS 61-A, STS-29 and STS-48",490
Coats,Michael L.,1978,8,3,Former,Military,Male,"Captain, US Navy (Retired)",1946-01-16,,"STS 41-D, STS-29 and STS-39",463
Covey,Richard O.,1978,8,4,Former,Military,Male,"Colonel, US Air Force",1946-08-01,,"STS 51-l, STS-26, STS-38 and STS-61",645
Creighton,John O.,1978,8,3,Former,Military,Male,"Captain, US Navy",1943-04-28,,"STS 51-G, STS-36 and STS-48",404
Fabian,John M.,1978,8,2,Former,Military,Male,"Colonel, US Air Force",1939-01-28,,STS-7 and STS 51-G,316
Fisher,Anna L.,1978,8,1,Current,Civilian,Female,,1949-08-24,Mission Specialist,STS 51-A,191
Gardner,Dale A.,1978,8,2,Former,Military,Male,"Captain, US Navy",1948-11-08,,STS-8 and STS 51-A,336
Gibson,Robert L.,1978,8,5,Former,Military,Male,"Captain, US Navy",1946-10-30,,"STS 41-B, STS 61-C, STS-27, STS-47 and STS-71",868
Gregory,Frederick D.,1978,8,3,Former,Military,Male,"Colonel, US Air Force (Retired)",1941-01-07,,"STS 51-B, STS-33 and STS-44",455
Griggs,S. David,1978,8,1,Deceased,Civilian,Male,,1939-09-07,,STS 51-D,167
Hart,Terry J.,1978,8,1,Former,Civilian,Male,,1946-10-27,,STS 41-C,167
Hauck,Frederick H.,1978,8,3,Former,Military,Male,"Captain, US Navy",1941-04-11,,"STS-7, STS 51-A and STS-26",436
Hawley,Steven A.,1978,8,5,Former,Civilian,Male,,1951-12-12,,"STS 41-D, STS 61-C, STS-31, STS-82 and STS-93",770
Hoffman,Jeffrey A.,1978,8,5,Former,Civilian,Male,,1944-11-02,,"STS 51-D, STS-35, STS-46, STS-61 and STS-75",1211
Lucid,Shannon W.,1978,8,5,Management,Civilian,Female,,1943-01-14,,"STS 51-G, STS-34, STS-43, STS-58, STS-76/Mir and Mir/STS-79",5354
McBride,Jon A.,1978,8,1,Former,Military,Male,"Captain, US Navy",1943-08-14,Pilot,STS 41-G,197
McNair,Ronald E.,1978,8,1,Deceased,Civilian,Male,,1950-10-21,,STS 41-B,191
Mullane,Richard M.,1978,8,3,Former,Military,Male,"Colonel, US Air Force",1945-09-10,,"STS 41-D, STS-27 and STS-36",356
Nagel,Steven R.,1978,8,4,Management,Military,Male,"Colonel, US Air Force (Retired)",1946-10-27,,"STS 51-G, STS 61-A, STS-37 and STS-55",723
Nelson,George D.,1978,8,3,Former,Civilian,Male,,1950-07-13,,"STS 41-C, STS 61-C and STS-26",411
Onizuka,Ellison S.,1978,8,1,Deceased,Military,Male,"Lieutenant  Colonel, US Air Force",1946-06-24,,STS 51-C,73
Resnik,Judith A.,1978,8,1,Deceased,Civilian,Female,,1949-04-05,,STS 41-D,144
Ride,Sally K.,1978,8,2,Former,Civilian,Female,,1951-05-26,,STS-7 and STS 41-G,343
Scobee,Francis R.,1978,8,1,Deceased,Military,Male,"Major, US Air Force",1939-05-19,,STS 41-C,168
Seddon,Margaret Rhea,1978,8,3,Former,Civilian,Female,,1947-11-08,,"STS 51-D, STS-40 and STS-58",722
Shaw,"Brewster H., Jr.",1978,8,3,Former,Military,Male,"Colonel, US Air Force",1945-05-16,,"STS-9, STS 61-B and STS-28",533
Shriver,Loren J.,1978,8,3,Former,Military,Male,"Colonel, US Air Force",1944-09-23,,"STS 51-C, STS-31 and STS-46",386
Stewart,Robert L.,1978,8,2,Former,Military,Male,"Brigadier General, US Army",1942-08-13,,STS 41-B and STS 51-J,289
Sullivan,Kathryn D.,1978,8,3,Former,Civilian,Female,,1951-10-03,,"STS 41-G, STS-31 and STS-45",532
Thagard,Norman E.,1978,8,5,Former,Civilian,Male,,1943-07-03,,"STS-7, STS 51-B, STS-30, STS-42 and Mir/STS-71",3360
Van Hoften,James D. A.,1978,8,2,Former,Civilian,Male,,1944-06-11,,STS 41-C and STS 51-I,338
Walker,David M.,1978,8,4,Deceased,Military,Male,"Captain, US Navy",1944-05-20,,"STS 51-A, STS-30, STS-53 and STS-69",724
Bagian,James P.,1980,9,2,Former,Civilian,Male,,1952-02-22,,STS-29 and STS-40,337
Blaha,John E.,1980,9,5,Former,Military,Male,"Colonel, US Air Force",1942-08-26,,"STS-29, STS-33, STS-43, STS-58, STS-79/Mir and Mir/STS-81",3864
Bolden,"Charles F., Jr.",1980,9,4,Former,Military,Male,"Brigadier General, US Marine Corps",1946-08-19,,"STS-61C, STS-31, STS-45 and STS-60",680
Bridges,"Roy D., Jr.",1980,9,1,Former,Military,Male,"Major General, US Air Force (Retired)",1943-07-19,,STS 51-F,190
Chang-Diaz,Franklin R.,1980,9,7,Former,Civilian,Male,,1950-04-05,,"STS 61-C, STS-34, STS-46, STS-60, STS-75, STS-91 and STS-111",1601
Cleave,Mary L.,1980,9,2,Former,Civilian,Female,,1947-02-05,,STS 61-B and STS-30,240
Dunbar,Bonnie J.,1980,9,5,Former,Civilian,Female,,1949-03-03,,"STS 61-A, STS-32, STS-50, STS-71 and STS-89",1208
Fisher,William F.,1980,9,1,Former,Civilian,Male,,1946-04-01,,STS 51-I,170
Gardner,Guy S.,1980,9,2,Former,Military,Male,"Colonel, US Air Force",1948-01-06,,STS-27 and STS-35,320
Grabe,Ronald J.,1980,9,4,Former,Military,Male,"Colonel, US Air Force",1945-06-13,,"STS 51-J, STS-30, STS-42 and STS-57",627
Hilmers,David C.,1980,9,4,Former,Military,Male,"Colonel, US Marine Corps",1950-01-28,,"ST 51-J, STS-26, STS-36 and STS-42",494
Leestma,David C.,1980,9,3,Management,Military,Male,"Captain, US Navy (Retired) ",1949-05-06,,"STS 41-G, STS-28 and STS-45",532
Lounge,John M.,1980,9,3,Former,Civilian,Male,,1946-06-28,,"STS 51-I, STS-26 and STS-35",482
O'Connor,Bryan D.,1980,9,2,Management,Military,Male,"Colonel, US Marine Corps (Retired)",1946-09-06,,STS 61-B and STS-40,386
Richards,Richard N.,1980,9,4,Former,Military,Male,"Captain, US Navy",1946-08-24,,"STS-28, STS-41, STS-50 and STS-64",813
Ross,Jerry L.,1980,9,7,Management,Military,Male,"Colonel, US Air Force (Retired)",1948-01-20,,"ST 61-B, ST-27, ST-37, STS-55, STS-74, STS-88 and STS-110",1393
Smith,Michael J.,1980,9,0,Deceased,Military,Male,"Captain, US Navy",1945-04-30,,,0
Spring,Sherwood C.,1980,9,1,Former,Military,Male,"Colonel, US Army",1944-09-23,,STS 61-B,165
Springer,Robert C.,1980,9,2,Former,Military,Male,"Colonel, US Marine Corps",1942-05-21,,STS-29 and STS-38,237
Adamson,James C.,1984,10,2,Former,Military,Male,"Colonel, US Army (retired)",1946-03-03,,STS-28 and STS-43,334
Baker,Ellen S.,1984,10,3,Management,Civilian,Female,,1953-04-27,,"STS-34, STS-50 and STS-71",686
Brown,Mark N.,1984,10,2,Former,Military,Male,"Colonel, US Air Force (Retired)",1951-11-18,,STS 28 and STS-48,249
Cameron,Kenneth D.,1984,10,3,Former,Military,Male,"Colonel, US Marine Corps (Retired)",1949-11-29,,"STS-37, STS-56 and STS-74",561
Carter,"Manley Lanier, Jr.",1984,10,1,Deceased,Military,Male,"Captain, US Navy",1947-08-15,,STS-33,120
Casper,John H.,1984,10,4,Management,Military,Male,"Colonel, US Air Force (Retired)",1943-07-09,,"STS-36, STS-54, STS-62 and STS-77",825
Culbertson,"Frank L., Jr.",1984,10,3,Former,Military,Male,"Captain, US Navy",1949-05-15,,"STS-38, STS-51 and STS-105/Exp 3/STS-108",146
Gutierrez,Sidney M.,1984,10,2,Former,Military,Male,"Colonel, US Air Force",1951-06-27,,STS-40 and STS-59,488
Hammond,"L. Blaine, Jr.",1984,10,2,Former,Military,Male,"Colonel, US Air Force",1952-01-16,,STS-39 and STS-64,462
Ivins,Marsha S.,1984,10,5,Former,Civilian,Female,,1951-04-15,Mission Specialist,"STS-32, STS-46, STS-62, STS-81 and STS-98",1318
Lee,Mark C.,1984,10,4,Former,Military,Male,"Colonel, US Air Force",1952-08-14,,"STS-30, STS-47, STS-64 and STS-82",789
Low,G. David,1984,10,3,Former,Civilian,Male,,1956-02-19,,"STS-32, STS-43 and STS-57",714
McCulley,Michael J.,1984,10,1,Former,Military,Male,"Captain, US Navy",1943-08-04,Pilot,STS-34,119
Shepherd,William M.,1984,10,4,Former,Military,Male,"Captain, US Navy",1949-07-26,,"STS-37, STS-41, STS-52 and Exp 1/STS-102",3816
Thornton,Kathryn C.,1984,10,4,Former,Civilian,Female,,1952-08-17,,"STS-33, STS-49, STS-61 and STS-73",975
Veach,Charles Lacy,1984,10,2,Deceased,Civilian,Male,,1944-09-18,Mission Specialist,STS-39 and STS-52,436
Wetherbee,James D.,1984,10,6,Former,Military,Male,"Captain, US Navy (Retired)",1952-11-27,,"STS-32, STS-52, STS-63, STS-86, STS-102 and STS-113",1592
Apt,Jerome,1985,11,4,Former,Civilian,Male,,1949-04-28,,"STS-37, STS-47, STS-59 and STS-79",847
Baker,Michael A.,1985,11,4,Management,Military,Male,"Captain, US Navy (Retired)",1953-10-27,,"STS-43, STS-52, STS-68 and STS-81",965
Cabana,Robert D.,1985,11,4,Management,Military,Male,"Colonel, US Marine Corps (Retired)",1949-01-23,,"STS-41, STS-53, STS-65 and STS-88",1010
Duffy,Brian,1985,11,4,Former,Military,Male,"Colonel, US Air Force",1953-06-20,,"STS-45, STS-57, STS-72 and STS-92",976
Gemar,Charles D.,1985,11,3,Former,Military,Male,"Lieutenant Colonel, US Army",1955-08-04,,"STS-38, STS-48 and STS-62",581
Godwin,Linda M.,1985,11,4,Former,Civilian,Female,,1952-07-02,,"STS-37, STS-59, STS-76 and STS-108",912
Henricks,Terence T.,1985,11,4,Former,Military,Male,"Colonel, US Air Force",1952-07-05,,"STS-44, STS-55, STS-70 and STS-78",1026
Hieb,Richard J.,1985,11,3,Former,Civilian,Male,,1955-09-21,,"STS-39, STS-49 and STS-65",766
Jernigan,Tamara E.,1985,11,5,Former,Civilian,Female,,1959-05-07,,"STS-40, STS-52, STS-67, STS-80 and STS-98",1512
Meade,Carl J.,1985,11,3,Former,Military,Male,"Colonel, US Air Force",1950-11-16,,"STS-38, STS-50 and STS-64",712
Oswald,Stephen S.,1985,11,3,Former,Civilian,Male,,1951-06-30,,"STS-42, STS-56 and STS-67",814
Thorne,Stephen D.,1985,11,0,Deceased,Military,Male,"Lieutenant Commander, US Navy",1953-02-11,,,0
Thuot,Pierre J.,1985,11,3,Former,Military,Male,"Commander, US Navy",1955-05-19,,"STS-36, STS-49 and STS-62",654
Akers,Thomas D.,1987,12,4,Former,Military,Male,"Lieutenant Colonel, US Air Force (Retired)",1951-05-20,,"STS-41, STS-49, STS-61 and STS-79",814
Allen,Andrew M.,1987,12,3,Former,Military,Male,"Lieutenant Colonel, USMC (Retired)",1955-08-04,,"STS-46, STS-62 and STS-75",904
Bowersox,Kenneth D.,1987,12,5,Former,Military,Male,"Captain, US Navy ",1956-11-14,,"STS-50, STS-61, STS-73, STS-82 and STS-113/Exp. 6",5304
Brown,"Curtis L., Jr.",1987,12,6,Former,Military,Male,"Colonel, US Air Force (Retired)",1956-03-11,,"STS-47, STS-66, STS-77, STS-85, STS-95 and STS-103",1381
Chilton,Kevin P.,1987,12,3,Former,Military,Male,"Brigadier General, US Air Force",1954-03-11,,"STS-49, STS-59 and STS-76",704
Davis,N. Jan,1987,12,3,Former,Civilian,Female,,1953-11-01,,"STS-47, STS-60 and STS-85",673
Foale,C. Michael,1987,12,6,Current,Civilian,Male,,1957-01-06,Mission Specialist,"STS-45, STS-56, STS-63, STS-84/Mir, Mir/STS-86, STS-103 and Expedition 8",8976
Harbaugh,Gregory J.,1987,12,4,Former,Civilian,Male,,1956-04-15,,"STS-39, STS-54, STS-71 and STS-82",817
Jemison,Mae C.,1987,12,1,Former,Civilian,Female,,1956-10-17,,STS-47,190
McMonagle,Donald R.,1987,12,3,Former,Military,Male,"Colonel, US Air Force",1952-05-14,,"STS-39, STS-54 and STS-66",605
Melnick,Bruce E.,1987,12,2,Former,Military,Male,"Commander, US Coast Guard",1949-12-05,,STS-41 and STS-49,311
Readdy,William F.,1987,12,3,Former,Civilian,Male,,1952-01-24,,"STS-42, STS-51 and STS-79",672
Reightler,"Kenneth S., Jr.",1987,12,2,Former,Military,Male,"Captain, US Navy",1951-03-24,,STS-48 and STS-60,327
Runco,"Mario, Jr.",1987,12,3,Management,Military,Male,"Lieutenant Commander, US Navy (Retired)",1952-01-26,,"STS-44, STS-54 and STS-77",551
Voss,James S.,1987,12,5,Former,Military,Male,"Colonel, US Army",1949-03-03,,"STS-44, STS-53, STS-69, STS-101 and Exp 2",4848
Bursch,Daniel W.,1990,13,4,Former,Military,Male,"Captain, US Navy",1957-07-25,,"STS-51, STS-68, STS-77, STS-108/Exp 4/STS-111",5448
Chiao,Leroy,1990,13,4,Former,Civilian,Male,,1960-08-28,Mission Specialist,"STS-65, STS-72, Exp 10 and STS-92",5503
Clifford,Michael R.,1990,13,3,Former,Military,Male,"Lieutenant Colonel, US Army (Retired)",1952-10-13,,"STS-53, STS-59 and STS-76",665
Cockrell,Kenneth D.,1990,13,5,Management,Civilian,Male,US Naval Reserve,1950-04-09,,"STS-56, STS-69, STS-80, STS-98 and STS-111",1560
Collins,Eileen M.,1990,13,4,Former,Military,Female,"Colonel, US Air Force",1959-11-19,Pilot,"STS-63, STS-84, STS-114 and STS-93",872
Currie,Nancy J.,1990,13,4,Management,Military,Female,"Lieutenant Colonel, US Army",1958-12-29,,"STS-57, STS-70, STS-88 and STS-109",999
Gregory,William G.,1990,13,1,Former,Military,Male,"Lieutenant Colonel, US Air Force",1957-05-14,,STS-67,399
Halsell,"James D., Jr.",1990,13,5,Former,Military,Male,"Colonel, US Air Force",1956-09-29,Pilot,"STS-65, STS-74, STS-83, STS-94 and STS-101",1250
Harris,"Bernard A., Jr.",1990,13,2,Former,Civilian,Male,,1956-06-26,,STS-55 and STS-63,438
Helms,Susan J.,1990,13,5,Former,Military,Female,"Colonel, US Air Force",1958-02-26,,"STS-54, STS-64, STS-78, STS-101 and STS-102/Exp 2/STS-105",5064
Jones,Thomas D.,1990,13,4,Former,Civilian,Male,,1955-01-22,,"STS-59, STS-68, STS-80 and STS-98",1272
McArthur,"William S., Jr.",1990,13,4,Current,Military,Male,"Colonel, US Army (Retired)",1951-07-26,Mission Specialist,"STS-58, STS-74, Exp 12 and STS-92",5398
Newman,James H.,1990,13,4,Former,Civilian,Male,,1956-10-16,,"STS-51, STS-69, STS-88 and STS- 109",1032
Ochoa,Ellen,1990,13,4,Management,Civilian,Female,,1958-05-10,,"STS-56, STS-66, STS-96 and STS-110",978
Precourt,"Charles J., Jr.",1990,13,4,Former,Military,Male,"Colonel, US Air Force (Retired)",1955-06-29,,"STS-55, STS-71, STS-84 and STS-91",932
Searfoss,Richard A.,1990,13,3,Former,Military,Male,"Colonel, US Air Force",1956-06-05,,"STS-58, STS-76 and STS-90",938
Sega,Ronald M.,1990,13,2,Former,Civilian,Male,"Colonel, US Air Force Reserve",1952-12-04,,STS-60 and STS-76,420
Thomas,Donald A.,1990,13,4,Management,Civilian,Male,,1955-05-06,,"STS-65, STS-70, STS-83 and STS-94",1040
Voss,Janice E.,1990,13,5,Management,Civilian,Female,,1956-10-08,,"STS-57, STS-63, STS-83, STS-94 and STS-99",1176
Walz,Carl E.,1990,13,4,Former,Military,Male,"Colonel, US Air Force",1955-09-06,,"STS-51, STS-65, STS-79 and STS-108/Exp 4/STS-111",5544
Barry,Daniel T.,1992,14,3,Former,Civilian,Male,,1953-12-30,Mission Specialist,"STS-72, STS-96 and STS-105",734
Brady,"Charles E., Jr.",1992,14,1,Deceased,Military,Male,"Captain, US Navy",1951-08-12,,STS-78,405
Coleman,Catherine G.,1992,14,2,Current,Military,Female,"Lieutenant Colonel, US Air Force",1960-12-14,Mission Specialist,STS-73 and STS-93,500
Gernhardt,Michael L.,1992,14,4,Current,Civilian,Male,,1956-05-04,Mission Specialist,"STS-69, STS-83, STS-94 and STS-104",1032
Grunsfeld,John M.,1992,14,5,Former,Civilian,Male,,1958-10-10,,"STS-67, STS-81, STS-103, STS-125 and STS-109",1392
Horowitz,Scott J.,1992,14,4,Former,Military,Male,"Colonel, US Air Force",1957-03-24,Pilot,"STS-75, STS-82, STS-101 and STS-105",1138
Jett,Brent W.,1992,14,4,Current,Military,Male,"Captain, US Navy",1958-10-05,Pilot,"STS-72, STS-81, STS-97 and STS-115",960
Kregel,Kevin R.,1992,14,4,Former,Civilian,Male,,1956-09-16,,"STS-70, STS-78, STS-87 and STS-99",1265
Lawrence,Wendy B.,1992,14,4,Former,Military,Female,"Captain, US Navy",1959-07-02,Mission Specialist,"STS-67, STS-86, STS-91 and STS-114",1225
Linenger,Jerry M.,1992,14,2,Former,Military,Male,"Captain, US Navy",1955-01-16,,STS-64 and STS-81,3435
Linnehan,Richard M.,1992,14,4,Current,Civilian,Male,,1957-09-19,Mission Specialist,"STS-78, STS-90, STS-109 and STS-123",1392
Lopez-Alegria,Michael E.,1992,14,4,Management,Military,Male,"Captain, US Navy",1958-05-30,,"STS-73, STS-92 and STS-113 and Exp 14",6168
Parazynski,Scott E.,1992,14,4,Former,Civilian,Male,,1961-07-28,Mission Specialist,"STS-66, STS-86, STS-95, STS-100 and STS-120",1318
Rominger,Kent V.,1992,14,5,Former,Military,Male,"Captain, US Navy",1956-08-07,,"STS-73, STS-80, STS-85, STS-96 and STS-100",1608
Scott,Winston E.,1992,14,2,Former,Military,Male,"Captain, US Navy",1950-08-06,,STS-72 and STS-87,590
Smith,Steven L.,1992,14,4,Management,Civilian,Male,,1958-12-30,,"STS-68, STS-82, STS-103 and STS-110",959
Tanner,Joseph R.,1992,14,4,Former,Civilian,Male,,1950-01-21,Mission Specialist,"STS-66, STS-82, STS-97 and STS-115",1069
Thomas,Andrew S. W.,1992,14,4,Current,Civilian,Male,,1951-12-18,Mission Specialist,"STS-77, STS-89, STS-102 and STS-114",4248
Weber,Mary E.,1992,14,2,Former,Civilian,Female,,1962-08-24,,STS-70 and STS-101,450
Altman,Scott D.,1995,15,4,Former,Military,Male,"Captain, US Navy",1959-08-15,Pilot,"STS-90, STS-106, STS-109 and STS-125",1224
Anderson,Michael P.,1995,15,2,Deceased,Military,Male,"Lieutenant Colonel, US Air Force",1959-12-25,,STS-89 and STS-107,593
Ashby,Jeffrey S.,1995,15,3,Former,Military,Male,"Captain, US Navy (Retired)",1954-06-01,,"STS-93, STS-100 and STS-112",660
Bloomfield,Michael J.,1995,15,3,Former,Military,Male,"Colonel, US Air Force",1959-03-16,Pilot,"STS-86, STS-97 and STS-110",753
Chawla,Kalpana,1995,15,2,Deceased,Civilian,Female,,1961-06-01,,STS-87 and STS-107,758
Curbeam,"Robert L., Jr.",1995,15,3,Former,Military,Male,Commander US Navy,1962-03-05,Mission Specialist,"STS-85, STS-98 and STS-116",901
Edwards,"Joe F., Jr.",1995,15,1,Former,Military,Male,"Commander, US Navy",1958-02-03,,STS-89,211
Gorie,Dominic L.,1995,15,4,Former,Military,Male,"Captain, US NAvy",1957-05-02,Pilot,"STS-91, STS-99, STS-123 and STS-108",128
Hire,Kathryn P.,1995,15,2,Current,Military,Female,"Captain, US Naval Reserve",1959-08-26,Mission Specialist,STS-90 and STS-130,711
Husband,Rick D.,1995,15,2,Deceased,Military,Male,"Colonel, US Air Force",1957-07-12,,STS-96 and STS-107,617
Kavandi,Janet L.,1995,15,3,Current,Civilian,Female,,1959-07-17,Mission Specialist,"STS-91, STS-99 and STS-104",792
Kilrain,Susan L.,1995,15,2,Former,Military,Female,"Commander, US Navy",1961-10-24,,STS-83 and STS-94,471
Lindsey,Steven W.,1995,15,5,Current,Military,Male,"Colonel, US Air Force",1960-08-24,Pilot,"STS-87, STS-95 and STS-104, STS-121 and STS-133",1510
Lu,Edward T.,1995,15,3,Former,Civilian,Male,,1963-07-01,Mission Specialist,"STS-84, STS-106, Expedition 7 and Soyuz TMA-2",4944
Melroy,Pamela A.,1995,15,3,Former,Military,Female,"Colonel, US Air Force",1961-09-17,Pilot,"STS-92, STS-112 and STS-120",924
Noriega,Carlos I.,1995,15,2,Current,Military,Male,"Lieutenant Colonel, US Marine Corps (Retired)",1959-10-08,Mission Specialist,STS-84 and STS-97,481
Reilly,James F.,1995,15,3,Former,Civilian,Male,US Naval Reserve,1954-03-18,Mission Specialist,"STS-89, STS-104 and STS-117",853
Robinson,Stephen K.,1995,15,4,Current,Civilian,Male,,1955-10-26,Mission Specialist,"STS-85, STS-95, STS-114 and STS-130",1156
Sturckow,Frederick W.,1995,15,4,Current,Military,Male,"Lieutenant Colonel, US Marine Corps",1961-08-11,Pilot,"STS-88, STS-105, STS-117 and STS-128",1200
Brown,David M.,1996,16,1,Deceased,Military,Male,"Captain, US Navy",1956-04-16,,STS-107,382
Burbank,Daniel C.,1996,16,1,Current,Military,Male,"Commander, US Navy",1961-07-27,Mission Specialist,STS-106 and STS-115,552
Cagle,Yvonne D.,1996,16,0,Current,Military,Female,"Colonel, US Air Force",1959-04-24,Mission Specialist,,0
Caldeiro,Fernando (Frank),1996,16,0,Deceased,Civilian,Male,,1958-06-12,Mission Specialist,,0
Camarda,Charles J.,1996,16,1,Current,Civilian,Male,,1952-05-08,Mission Specialist,STS-114,333
Carey,Duane G.,1996,16,1,Former,Military,Male,"Lieutenant Colonel, US Air Force",1957-04-30,Pilot,STS-109,240
Clark,Laurel B.,1996,16,1,Deceased,Military,Female,"Commander, US Navy",1961-03-10,,STS-107,382
Fincke,E. Michael,1996,16,3,Current,Military,Male,"Lieutenant Colonel, US Air Force",1967-03-14,Mission Specialist,"Exp 9, Exp 18, STS-134",9159
Forrester,Patrick G.,1996,16,3,Current,Military,Male,"Colonel, US Army",1957-03-31,Mission Specialist,"STS-105, STS-117 and STS-128",950
Frick,Stephen N.,1996,16,2,Current,Military,Male,"Commander, US Navy",1961-09-30,Pilot,STS-110 and STS-122,565
Herrington,John B.,1996,16,1,Former,Military,Male,"Commander, US Navy",1958-09-14,Mission Specialist,STS-113,330
Higginbotham,Joan E.,1996,16,1,Former,Civilian,Female,,1964-08-03,Mission Specialist,STS-116,308
Hobaugh,Charles O.,1996,16,3,Current,Military,Male,"Lieutenant Colonel, US Marine Corps",1961-11-05,Pilot,"STS-104, STS-118 and ST-129",876
Kelly,James M.,1996,16,2,Current,Military,Male,"Lieutenant Colonel, US Air Force",1964-05-14,Pilot,STS-102 and STS-114,641
Kelly,Mark E.,1996,16,3,Current,Military,Male,"Commander, US Navy",1964-02-21,Pilot,"STS-108, STS-121 and STS-124",912
Kelly,Scott J.,1996,16,3,Current,Military,Male,"Commander, US Navy",1964-02-21,Pilot,"STS-103, STS-118 and Soyuz TMA-M",4320
Lockhart,Paul S.,1996,16,2,Former,Military,Male,"Lieutenant Colonel, US Air Force",1956-04-28,,STS-111 and STS-113,624
Loria,Christopher J.,1996,16,0,Former,Military,Male,"Lieutenant Colonel, US Marine Corps",1960-07-09,,,0
Magnus,Sandra H.,1996,16,2,Current,Civilian,Female,,1964-10-30,Mission Specialist,STS-112 and STS-126,
Massimino,Michael J.,1996,16,2,Current,Civilian,Male,,1962-08-19,Mission Specialist,STS-109 and STS-125,571
Mastracchio,Richard A.,1996,16,3,Current,Civilian,Male,,1960-02-11,Mission Specialist,"STS-106, STS-118 and STS-131",960
McCool,William C.,1996,16,1,Deceased,Military,Male,"Commander, US Navy",1961-09-23,,STS-107,382
Morin,Lee M.,1996,16,1,Management,Military,Male,"Captain, US Navy",1952-09-09,,STS-110,259
Nowak,Lisa M.,1996,16,1,Former,Military,Female,"Commander, US Navy",1963-05-10,Mission Specialist,STS-121,306
Pettit,Donald R.,1996,16,2,Current,Civilian,Male,,1955-04-20,Mission Specialist,STS-113 and STS-126,4224
Phillips,John L.,1996,16,3,Current,Civilian,Male,US Naval Reserve,1951-04-15,Mission Specialist,"STS-100, Soyuz TMA-6 and STS-119",4872
Polansky,Mark L.,1996,16,3,Current,Civilian,Male,,1956-06-02,Pilot,"STS-98, ST-116 and STS-127",993
Richards,Paul W.,1996,16,1,Former,Civilian,Male,,1964-05-20,,STS-102,307
Sellers,Piers J.,1996,16,3,Current,Civilian,Male,,1955-04-11,Mission Specialist,"STS-112, STS-121 and STS-132",839
Stefanyshyn-Piper,Heidemarie M.,1996,16,2,Former,Military,Female,"Commander, US Navy",1963-02-07,Mission Specialist,STS-115 and STS-126,648
Tani,Daniel M.,1996,16,2,Current,Civilian,Male,,1961-02-01,Mission Specialist,STS-108 and STS-120/ Exp 16/ STS-122,318
Walheim,Rex J.,1996,16,2,Current,Military,Male,"Lieutenant Colonel, US Air Force",1962-10-10,Mission Specialist,STS-110 and STS-122,565
Anderson,Clayton C.,1998,17,2,Current,Civilian,Male,,1959-02-23,Mission Specialist,STS-117 and STS-131,4046
Archambault,Lee J.,1998,17,2,Current,Military,Male,"Lieutenant Colonel, US Air Force",1960-08-25,Pilot,STS-117 and STS-119,648
Caldwell,Tracy E.,1998,17,2,Current,Civilian,Female,,1969-08-14,Mission Specialist,STS-118 and Soyuz TMA-18,4529
Chamitoff,Gregory E.,1998,17,3,Current,Civilian,Male,,1962-08-06,Mission Specialist,"STS -124, Exp 17 and Exp 18",
Creamer,Timothy J.,1998,17,1,Current,Military,Male,"Lieutenant Colonel, US Army",1959-11-15,Mission Specialist,Soyuz TMA-17,3912
Ferguson,Christopher J.,1998,17,2,Current,Military,Male,"Commander, US Navy",1961-09-01,Pilot,STS-115 and STS-126,672
Foreman,Michael J.,1998,17,2,Current,Military,Male,"Captain, US Navy",1957-03-29,Mission Specialist,STS-123 and STS-129,637
Fossum,Michael E.,1998,17,2,Current,Civilian,Male,US Naval Reserve,1957-12-19,Mission Specialist,STS-121 and STS-124,636
Ham,Kenneth T.,1998,17,2,Current,Military,Male,"Commander, US Navy",1964-12-12,Pilot,STS-124 and STS-132,612
Johnson,Gregory C.,1998,17,1,Management,Civilian,Male,US naval Reserve,1954-07-30,Pilot,STS-125,309
Johnson,Gregory H.,1998,17,1,Current,Military,Male,"Lieutenant Colonel, US Air Force",1962-05-12,Pilot,STS-123,378
Love,Stanley G.,1998,17,1,Current,Civilian,Male,,1965-06-08,Mission Specialist,STS-122,306
Melvin,Leland D.,1998,17,2,Management,Civilian,Male,,1964-02-15,Mission Specialist,STS-122 and STS-129,565
Morgan,Barbara R.,1998,17,1,Former,Civilian,Female,,1951-11-28,Mission Specialist,STS-118,305
Oefelein,William A.,1998,17,1,Former,Military,Male,"Commander, US Navy",1965-03-29,Pilot,STS-116,308
Olivas,John D.,1998,17,2,Former,Civilian,Male,,1966-05-25,Mission Specialist,STS-117 and STS-128,668
Patrick,Nicholas J. M.,1998,17,2,Current,Civilian,Male,,1964-03-22,Mission Specialist,STS-116 and STS-130,638
Poindexter,Alan G.,1998,17,2,Former,Military,Male,"Commander, US Navy",1961-11-05,Pilot,STS-122 and STS-131,669
Reisman,Garrett E.,1998,17,2,Former,Civilian,Male,,1968-02-10,Mission Specialist,STS-123 and STS-132,2473
Robertson,Patricia Hilliard,1998,17,0,Deceased,Civilian,Female,,1963-03-12,,,0
Swanson,Steven R.,1998,17,2,Current,Civilian,Male,,1960-12-03,Mission Specialist,STS-117 and STS-119,643
Wheelock,Douglas H.,1998,17,2,Current,Military,Male,"Lieutenant Commander, US Army",1960-05-05,Mission Specialist,STS-120 and Exp 25,4272
Zamka,George D.,1998,17,2,Current,Military,Male,"Lieutenant Colonel, US Marine Corps",1962-06-29,Pilot,STS-120 and STS-130,692
Antonelli,Dominic A.,2000,18,2,Current,Military,Male,"Lieutenant Commander, US Navy",1967-08-23,Pilot,STS-119  and STS-132,579
Barratt,Michael R.,2000,18,2,Current,Civilian,Male,,1959-04-16,Mission Specialist,"Soyuz TMA-14, STS-133",5085
Behnken,Robert L.,2000,18,2,Current,Military,Male,"Major, US Air Force",1970-07-28,Mission Specialist,STS-123 and STS-130,708
Boe,Eric A.,2000,18,0,Current,Military,Male,"Lieutenant Colonel, US Air Force",1964-10-01,Pilot,STS-126 and STS-133,672
Bowen,Stephen G.,2000,18,3,Current,Military,Male,"Commander, US Navy",1964-02-13,Mission Specialist,"STS-126, STS-132 and STS-133",970
Drew,Alvin B.,2000,18,2,Current,Military,Male,"Lieutenant Colonel, US Air Force",1962-11-05,Mission Specialist,STS-118 and STS-133,612
Feustel,Andrew J.,2000,18,2,Current,Civilian,Male,,1965-08-25,Mission Specialist,STS-125 and STS-134,687
Ford,Kevin A.,2000,18,1,Current,Military,Male,"Lieutenant Colonel, US Air Force",1960-07-07,Pilot,STS-128,333
Garan,"Ronald J., Jr.",2000,18,0,Current,Military,Male,"Lieutenant Colonel, US Air Force",1961-10-20,Pilot,STS-124,330
Good,Michael T.,2000,18,2,Current,Military,Male,"Lieutenant Colonel, US Air Force",1962-10-13,Mission Specialist,STS-125 and STS-132,600
Hurley,Douglas G.,2000,18,1,Current,Military,Male,"Lieutenant Colonel, US Marine Corps",1966-10-21,Pilot,STS-127,376
Kopra,Timothy L.,2000,18,1,Current,Military,Male,"Lieutenant Colonel, US Army",1963-04-09,Mission Specialist,STS-127,1464
McArthur,K. Megan,2000,18,1,Current,Civilian,Female,,1971-08-30,Mission Specialist,STS-125,309
Nyberg,Karen L.,2000,18,1,Current,Civilian,Female,,1969-10-07,Mission Specialist,STS-124,330
Stott,Nicole P.,2000,18,2,Current,Civilian,Female,,1962-11-19,Mission Specialist,STS-128 and STS-133,2491
Virts,"Terry W., Jr.",2000,18,1,Current,Military,Male,"2nd Lieutenant, US Air Force",1967-12-01,Pilot,STS-130,330
Acaba,Joseph M.,2004,19,1,Current,Civilian,Male,,1967-05-17,Educator Mission Specialist,STS-119,307
Arnold,"Richard R., II",2004,19,0,Current,Civilian,Male,,1963-11-26,Educator Mission Specialist,STS-119,307
Bresnik,Randolph J.,2004,19,1,Current,Military,Male,"Major, USMC",1967-09-11,Pilot,STS-129,259
Cassidy,Christopher J.,2004,19,1,Candidate,Military,Male,"Lieutenant Commander, US Navy",1970-01-04,Mission Specialist,STS-127,376
Dutton,James P.,2004,19,0,Candidate,Military,Male,"Major, US Air Force",1968-11-20,Pilot,STS-131,362
Hernandez,Jose M.,2004,19,1,Former,Civilian,Male,,1962-08-07,Mission Specialist,STS-128,332
Kimbrough,Robert S.,2004,19,1,Current,Military,Male,"Major, US Army",1967-06-04,Mission Specialist,STS-126,380
Marshburn,Thomas H.,2004,19,1,Current,Military,Male,"Major, US Army",1960-08-29,Mission Specialist,STS-127,376
Metcalf-Lindenburger,Dorothy M.,2004,19,1,Current,Civilian,Female,,1975-05-02,Educator Mission Specialist,STS-131,362
Satcher,Robert L.,2004,19,1,Current,Civilian,Male,,1965-09-22,Mission Specialist,STS-129,259
Walker,Shannon,2004,19,,Current,Civilian,Female,,1965-06-04,Mission Specialist,,